image_id,label
eval_00001.png,0
eval_00002.png,1
eval_00003.png,0
eval_00004.png,1
eval_00005.png,1
eval_00006.png,0
eval_00007.png,1
eval_00008.png,1
eval_00009.png,0
eval_00010.png,1
eval_00011.png,1
eval_00012.png,0
eval_00013.png,1
eval_00014.png,1
eval_00015.png,1
eval_00016.png,1
eval_00017.png,1
eval_00018.png,1
eval_00019.png,0
eval_00020.png,1
eval_00021.png,1
eval_00022.png,0
eval_00023.png,0
eval_00024.png,0
eval_00025.png,1
eval_00026.png,1
eval_00027.png,1
eval_00028.png,1
eval_00029.png,1
eval_00030.png,0
eval_00031.png,1
eval_00032.png,1
eval_00033.png,0
eval_00034.png,1
eval_00035.png,0
eval_00036.png,1
eval_00037.png,0
eval_00038.png,1
eval_00039.png,1
eval_00040.png,1
eval_00041.png,1
eval_00042.png,1
eval_00043.png,0
eval_00044.png,1
eval_00045.png,0
eval_00046.png,1
eval_00047.png,1
eval_00048.png,1
eval_00049.png,1
eval_00050.png,0
eval_00051.png,0
eval_00052.png,1
eval_00053.png,1
eval_00054.png,1
eval_00055.png,1
eval_00056.png,1
eval_00057.png,1
eval_00058.png,0
eval_00059.png,1
eval_00060.png,0
eval_00061.png,1
eval_00062.png,1
eval_00063.png,0
eval_00064.png,1
eval_00065.png,1
eval_00066.png,0
eval_00067.png,1
eval_00068.png,0
eval_00069.png,1
eval_00070.png,1
eval_00071.png,1
eval_00072.png,1
eval_00073.png,0
eval_00074.png,1
eval_00075.png,1
eval_00076.png,1
eval_00077.png,0
eval_00078.png,1
eval_00079.png,1
eval_00080.png,1
eval_00081.png,1
eval_00082.png,0
eval_00083.png,1
eval_00084.png,1
eval_00085.png,1
eval_00086.png,1
eval_00087.png,1
eval_00088.png,0
eval_00089.png,1
eval_00090.png,1
eval_00091.png,1
eval_00092.png,1
eval_00093.png,1
eval_00094.png,0
eval_00095.png,0
eval_00096.png,1
eval_00097.png,0
eval_00098.png,0
eval_00099.png,0
eval_00100.png,1
eval_00101.png,1
eval_00102.png,0
eval_00103.png,1
eval_00104.png,1
eval_00105.png,1
eval_00106.png,0
eval_00107.png,1
eval_00108.png,1
eval_00109.png,1
eval_00110.png,1
eval_00111.png,1
eval_00112.png,1
eval_00113.png,1
eval_00114.png,0
eval_00115.png,1
eval_00116.png,0
eval_00117.png,1
eval_00118.png,1
eval_00119.png,1
eval_00120.png,1
eval_00121.png,1
eval_00122.png,1
eval_00123.png,0
eval_00124.png,0
eval_00125.png,0
eval_00126.png,0
eval_00127.png,0
eval_00128.png,1
eval_00129.png,0
eval_00130.png,1
eval_00131.png,1
eval_00132.png,1
eval_00133.png,1
eval_00134.png,1
eval_00135.png,1
eval_00136.png,0
eval_00137.png,0
eval_00138.png,1
eval_00139.png,1
eval_00140.png,1
eval_00141.png,0
eval_00142.png,0
eval_00143.png,1
eval_00144.png,0
eval_00145.png,0
eval_00146.png,0
eval_00147.png,1
eval_00148.png,0
eval_00149.png,1
eval_00150.png,1
eval_00151.png,0
eval_00152.png,1
eval_00153.png,1
eval_00154.png,1
eval_00155.png,0
eval_00156.png,0
eval_00157.png,1
eval_00158.png,0
eval_00159.png,0
eval_00160.png,1
eval_00161.png,1
eval_00162.png,0
eval_00163.png,1
eval_00164.png,1
eval_00165.png,1
eval_00166.png,1
eval_00167.png,0
eval_00168.png,0
eval_00169.png,0
eval_00170.png,0
eval_00171.png,1
eval_00172.png,1
eval_00173.png,0
eval_00174.png,1
eval_00175.png,1
eval_00176.png,0
eval_00177.png,0
eval_00178.png,1
eval_00179.png,1
eval_00180.png,0
eval_00181.png,0
eval_00182.png,0
eval_00183.png,0
eval_00184.png,0
eval_00185.png,1
eval_00186.png,0
eval_00187.png,1
eval_00188.png,0
eval_00189.png,1
eval_00190.png,0
eval_00191.png,0
eval_00192.png,1
eval_00193.png,0
eval_00194.png,0
eval_00195.png,1
eval_00196.png,0
eval_00197.png,0
eval_00198.png,1
eval_00199.png,0
eval_00200.png,1
eval_00201.png,1
eval_00202.png,0
eval_00203.png,0
eval_00204.png,1
eval_00205.png,0
eval_00206.png,1
eval_00207.png,1
eval_00208.png,0
eval_00209.png,1
eval_00210.png,1
eval_00211.png,0
eval_00212.png,1
eval_00213.png,1
eval_00214.png,1
eval_00215.png,1
eval_00216.png,0
eval_00217.png,1
eval_00218.png,1
eval_00219.png,1
eval_00220.png,1
eval_00221.png,1
eval_00222.png,1
eval_00223.png,0
eval_00224.png,0
eval_00225.png,1
eval_00226.png,1
eval_00227.png,1
eval_00228.png,0
eval_00229.png,0
eval_00230.png,1
eval_00231.png,1
eval_00232.png,1
eval_00233.png,0
eval_00234.png,0
eval_00235.png,0
eval_00236.png,0
eval_00237.png,1
eval_00238.png,0
eval_00239.png,1
eval_00240.png,1
eval_00241.png,0
eval_00242.png,0
eval_00243.png,1
eval_00244.png,0
eval_00245.png,0
eval_00246.png,1
eval_00247.png,1
eval_00248.png,0
eval_00249.png,1
eval_00250.png,0
eval_00251.png,1
eval_00252.png,1
eval_00253.png,0
eval_00254.png,0
eval_00255.png,0
eval_00256.png,0
eval_00257.png,1
eval_00258.png,1
eval_00259.png,0
eval_00260.png,1
eval_00261.png,1
eval_00262.png,1
eval_00263.png,1
eval_00264.png,0
eval_00265.png,0
eval_00266.png,0
eval_00267.png,1
eval_00268.png,0
eval_00269.png,1
eval_00270.png,0
eval_00271.png,1
eval_00272.png,1
eval_00273.png,1
eval_00274.png,1
eval_00275.png,0
eval_00276.png,1
eval_00277.png,0
eval_00278.png,1
eval_00279.png,1
eval_00280.png,0
eval_00281.png,0
eval_00282.png,1
eval_00283.png,1
eval_00284.png,1
eval_00285.png,1
eval_00286.png,1
eval_00287.png,1
eval_00288.png,0
eval_00289.png,1
eval_00290.png,1
eval_00291.png,0
eval_00292.png,1
eval_00293.png,1
eval_00294.png,1
eval_00295.png,1
eval_00296.png,1
eval_00297.png,1
eval_00298.png,0
eval_00299.png,1
eval_00300.png,0
eval_00301.png,1
eval_00302.png,0
eval_00303.png,1
eval_00304.png,1
eval_00305.png,1
eval_00306.png,0
eval_00307.png,0
eval_00308.png,0
eval_00309.png,1
eval_00310.png,1
eval_00311.png,1
eval_00312.png,0
eval_00313.png,1
eval_00314.png,1
eval_00315.png,1
eval_00316.png,1
eval_00317.png,1
eval_00318.png,0
eval_00319.png,1
eval_00320.png,1
eval_00321.png,1
eval_00322.png,1
eval_00323.png,1
eval_00324.png,0
eval_00325.png,1
eval_00326.png,0
eval_00327.png,0
eval_00328.png,1
eval_00329.png,0
eval_00330.png,1
eval_00331.png,1
eval_00332.png,0
eval_00333.png,1
eval_00334.png,1
eval_00335.png,1
eval_00336.png,1
eval_00337.png,1
eval_00338.png,1
eval_00339.png,1
eval_00340.png,1
eval_00341.png,0
eval_00342.png,1
eval_00343.png,0
eval_00344.png,1
eval_00345.png,1
eval_00346.png,1
eval_00347.png,1
eval_00348.png,0
eval_00349.png,0
eval_00350.png,0
eval_00351.png,1
eval_00352.png,1
eval_00353.png,0
eval_00354.png,0
eval_00355.png,1
eval_00356.png,1
eval_00357.png,0
eval_00358.png,1
eval_00359.png,0
eval_00360.png,0
eval_00361.png,1
eval_00362.png,1
eval_00363.png,0
eval_00364.png,1
eval_00365.png,0
eval_00366.png,1
eval_00367.png,1
eval_00368.png,1
eval_00369.png,0
eval_00370.png,1
eval_00371.png,0
eval_00372.png,0
eval_00373.png,1
eval_00374.png,1
eval_00375.png,0
eval_00376.png,0
eval_00377.png,1
eval_00378.png,1
eval_00379.png,1
eval_00380.png,1
eval_00381.png,0
eval_00382.png,1
eval_00383.png,1
eval_00384.png,1
eval_00385.png,0
eval_00386.png,1
eval_00387.png,0
eval_00388.png,1
eval_00389.png,1
eval_00390.png,1
eval_00391.png,1
eval_00392.png,0
eval_00393.png,1
eval_00394.png,1
eval_00395.png,1
eval_00396.png,0
eval_00397.png,1
eval_00398.png,1
eval_00399.png,1
eval_00400.png,0
eval_00401.png,1
eval_00402.png,1
eval_00403.png,1
eval_00404.png,0
eval_00405.png,1
eval_00406.png,1
eval_00407.png,1
eval_00408.png,1
eval_00409.png,0
eval_00410.png,1
eval_00411.png,1
eval_00412.png,1
eval_00413.png,0
eval_00414.png,1
eval_00415.png,1
eval_00416.png,1
eval_00417.png,0
eval_00418.png,1
eval_00419.png,1
eval_00420.png,0
eval_00421.png,1
eval_00422.png,1
eval_00423.png,0
eval_00424.png,0
eval_00425.png,1
eval_00426.png,1
eval_00427.png,1
eval_00428.png,0
eval_00429.png,1
eval_00430.png,0
eval_00431.png,1
eval_00432.png,1
eval_00433.png,1
eval_00434.png,0
eval_00435.png,0
eval_00436.png,0
eval_00437.png,0
eval_00438.png,1
eval_00439.png,1
eval_00440.png,1
eval_00441.png,1
eval_00442.png,0
eval_00443.png,1
eval_00444.png,0
eval_00445.png,1
eval_00446.png,1
eval_00447.png,1
eval_00448.png,1
eval_00449.png,1
eval_00450.png,0
eval_00451.png,1
eval_00452.png,1
eval_00453.png,0
eval_00454.png,1
eval_00455.png,1
eval_00456.png,0
eval_00457.png,0
eval_00458.png,0
eval_00459.png,0
eval_00460.png,0
eval_00461.png,1
eval_00462.png,1
eval_00463.png,1
eval_00464.png,1
eval_00465.png,1
eval_00466.png,0
eval_00467.png,1
eval_00468.png,1
eval_00469.png,1
eval_00470.png,1
eval_00471.png,1
eval_00472.png,1
eval_00473.png,0
eval_00474.png,0
eval_00475.png,0
eval_00476.png,1
eval_00477.png,1
eval_00478.png,1
eval_00479.png,1
eval_00480.png,1
eval_00481.png,0
eval_00482.png,1
eval_00483.png,0
eval_00484.png,1
eval_00485.png,0
eval_00486.png,0
eval_00487.png,1
eval_00488.png,1
eval_00489.png,1
eval_00490.png,1
eval_00491.png,0
eval_00492.png,0
eval_00493.png,1
eval_00494.png,1
eval_00495.png,1
eval_00496.png,0
eval_00497.png,1
eval_00498.png,1
eval_00499.png,1
eval_00500.png,1
eval_00501.png,0
eval_00502.png,0
eval_00503.png,1
eval_00504.png,0
eval_00505.png,1
eval_00506.png,1
eval_00507.png,0
eval_00508.png,1
eval_00509.png,1
eval_00510.png,1
eval_00511.png,1
eval_00512.png,1
eval_00513.png,0
eval_00514.png,1
eval_00515.png,1
eval_00516.png,1
eval_00517.png,1
eval_00518.png,1
eval_00519.png,0
eval_00520.png,1
eval_00521.png,1
eval_00522.png,1
eval_00523.png,0
eval_00524.png,1
eval_00525.png,1
eval_00526.png,1
eval_00527.png,0
eval_00528.png,1
eval_00529.png,1
eval_00530.png,1
eval_00531.png,1
eval_00532.png,0
eval_00533.png,1
eval_00534.png,1
eval_00535.png,1
eval_00536.png,0
eval_00537.png,1
eval_00538.png,1
eval_00539.png,1
eval_00540.png,1
eval_00541.png,1
eval_00542.png,1
eval_00543.png,1
eval_00544.png,0
eval_00545.png,1
eval_00546.png,1
eval_00547.png,1
eval_00548.png,0
eval_00549.png,0
eval_00550.png,1
eval_00551.png,1
eval_00552.png,1
eval_00553.png,1
eval_00554.png,1
eval_00555.png,1
eval_00556.png,1
eval_00557.png,1
eval_00558.png,1
eval_00559.png,0
eval_00560.png,1
eval_00561.png,1
eval_00562.png,0
eval_00563.png,1
eval_00564.png,1
eval_00565.png,1
eval_00566.png,1
eval_00567.png,0
eval_00568.png,1
eval_00569.png,1
eval_00570.png,1
eval_00571.png,1
eval_00572.png,1
eval_00573.png,1
eval_00574.png,0
eval_00575.png,1
eval_00576.png,0
eval_00577.png,1
eval_00578.png,0
eval_00579.png,1
eval_00580.png,1
eval_00581.png,0
eval_00582.png,1
eval_00583.png,1
eval_00584.png,0
eval_00585.png,1
eval_00586.png,0
eval_00587.png,1
eval_00588.png,1
eval_00589.png,0
eval_00590.png,1
eval_00591.png,0
eval_00592.png,1
eval_00593.png,1
eval_00594.png,0
eval_00595.png,0
eval_00596.png,0
eval_00597.png,0
eval_00598.png,0
eval_00599.png,0
eval_00600.png,1
eval_00601.png,0
eval_00602.png,1
eval_00603.png,0
eval_00604.png,0
eval_00605.png,1
eval_00606.png,1
eval_00607.png,0
eval_00608.png,1
eval_00609.png,0
eval_00610.png,1
eval_00611.png,1
eval_00612.png,1
eval_00613.png,1
eval_00614.png,0
eval_00615.png,1
eval_00616.png,1
eval_00617.png,1
eval_00618.png,0
eval_00619.png,1
eval_00620.png,1
eval_00621.png,0
eval_00622.png,0
eval_00623.png,1
eval_00624.png,1
eval_00625.png,1
eval_00626.png,0
eval_00627.png,0
eval_00628.png,1
eval_00629.png,1
eval_00630.png,0
eval_00631.png,0
eval_00632.png,1
eval_00633.png,1
eval_00634.png,0
eval_00635.png,1
eval_00636.png,1
eval_00637.png,1
eval_00638.png,1
eval_00639.png,1
eval_00640.png,1
eval_00641.png,1
eval_00642.png,1
eval_00643.png,1
eval_00644.png,1
eval_00645.png,1
eval_00646.png,1
eval_00647.png,1
eval_00648.png,1
eval_00649.png,1
eval_00650.png,0
eval_00651.png,1
eval_00652.png,1
eval_00653.png,1
eval_00654.png,0
eval_00655.png,0
eval_00656.png,0
eval_00657.png,0
eval_00658.png,0
eval_00659.png,1
eval_00660.png,1
eval_00661.png,0
eval_00662.png,1
eval_00663.png,0
eval_00664.png,1
eval_00665.png,0
eval_00666.png,0
eval_00667.png,1
eval_00668.png,0
eval_00669.png,0
eval_00670.png,1
eval_00671.png,0
eval_00672.png,1
eval_00673.png,0
eval_00674.png,1
eval_00675.png,1
eval_00676.png,1
eval_00677.png,0
eval_00678.png,1
eval_00679.png,1
eval_00680.png,1
eval_00681.png,1
eval_00682.png,0
eval_00683.png,1
eval_00684.png,0
eval_00685.png,0
eval_00686.png,1
eval_00687.png,0
eval_00688.png,0
eval_00689.png,1
eval_00690.png,0
eval_00691.png,0
eval_00692.png,1
eval_00693.png,0
eval_00694.png,1
eval_00695.png,0
eval_00696.png,1
eval_00697.png,1
eval_00698.png,1
eval_00699.png,1
eval_00700.png,0
eval_00701.png,0
eval_00702.png,1
eval_00703.png,1
eval_00704.png,0
eval_00705.png,0
eval_00706.png,0
eval_00707.png,1
eval_00708.png,1
eval_00709.png,0
eval_00710.png,1
eval_00711.png,1
eval_00712.png,1
eval_00713.png,1
eval_00714.png,1
eval_00715.png,1
eval_00716.png,1
eval_00717.png,0
eval_00718.png,1
eval_00719.png,1
eval_00720.png,1
eval_00721.png,1
eval_00722.png,1
eval_00723.png,1
eval_00724.png,0
eval_00725.png,1
eval_00726.png,1
eval_00727.png,1
eval_00728.png,1
eval_00729.png,0
eval_00730.png,1
eval_00731.png,0
eval_00732.png,1
eval_00733.png,0
eval_00734.png,0
eval_00735.png,1
eval_00736.png,0
eval_00737.png,0
eval_00738.png,0
eval_00739.png,1
eval_00740.png,1
eval_00741.png,1
eval_00742.png,1
eval_00743.png,1
eval_00744.png,0
eval_00745.png,1
eval_00746.png,1
eval_00747.png,0
eval_00748.png,0
eval_00749.png,1
eval_00750.png,0
eval_00751.png,1
eval_00752.png,1
eval_00753.png,0
eval_00754.png,1
eval_00755.png,1
eval_00756.png,1
eval_00757.png,1
eval_00758.png,1
eval_00759.png,1
eval_00760.png,0
eval_00761.png,1
eval_00762.png,1
eval_00763.png,1
eval_00764.png,1
eval_00765.png,0
eval_00766.png,1
eval_00767.png,0
eval_00768.png,0
eval_00769.png,1
eval_00770.png,1
eval_00771.png,1
eval_00772.png,1
eval_00773.png,0
eval_00774.png,1
eval_00775.png,1
eval_00776.png,1
eval_00777.png,0
eval_00778.png,1
eval_00779.png,1
eval_00780.png,1
eval_00781.png,1
eval_00782.png,0
eval_00783.png,1
eval_00784.png,0
eval_00785.png,0
eval_00786.png,1
eval_00787.png,1
eval_00788.png,1
eval_00789.png,1
eval_00790.png,1
eval_00791.png,1
eval_00792.png,0
eval_00793.png,1
eval_00794.png,0
eval_00795.png,0
eval_00796.png,1
eval_00797.png,1
eval_00798.png,1
eval_00799.png,0
eval_00800.png,1
eval_00801.png,1
eval_00802.png,0
eval_00803.png,1
eval_00804.png,1
eval_00805.png,1
eval_00806.png,1
eval_00807.png,0
eval_00808.png,1
eval_00809.png,1
eval_00810.png,1
eval_00811.png,1
eval_00812.png,1
eval_00813.png,0
eval_00814.png,0
eval_00815.png,1
eval_00816.png,1
eval_00817.png,0
eval_00818.png,0
eval_00819.png,1
eval_00820.png,0
eval_00821.png,1
eval_00822.png,0
eval_00823.png,0
eval_00824.png,1
eval_00825.png,1
eval_00826.png,1
eval_00827.png,1
eval_00828.png,0
eval_00829.png,1
eval_00830.png,1
eval_00831.png,1
eval_00832.png,1
eval_00833.png,1
eval_00834.png,1
eval_00835.png,1
eval_00836.png,1
eval_00837.png,1
eval_00838.png,1
eval_00839.png,1
eval_00840.png,1
eval_00841.png,1
eval_00842.png,0
eval_00843.png,1
eval_00844.png,1
eval_00845.png,0
eval_00846.png,0
eval_00847.png,0
eval_00848.png,1
eval_00849.png,1
eval_00850.png,0
eval_00851.png,0
eval_00852.png,1
eval_00853.png,1
eval_00854.png,1
eval_00855.png,0
eval_00856.png,1
eval_00857.png,1
eval_00858.png,1
eval_00859.png,1
eval_00860.png,1
eval_00861.png,1
eval_00862.png,1
eval_00863.png,0
eval_00864.png,0
eval_00865.png,1
eval_00866.png,0
eval_00867.png,1
eval_00868.png,0
eval_00869.png,1
eval_00870.png,1
eval_00871.png,1
eval_00872.png,0
eval_00873.png,1
eval_00874.png,1
eval_00875.png,1
eval_00876.png,1
eval_00877.png,0
eval_00878.png,1
eval_00879.png,1
eval_00880.png,0
eval_00881.png,1
eval_00882.png,0
eval_00883.png,0
eval_00884.png,0
eval_00885.png,1
eval_00886.png,1
eval_00887.png,1
eval_00888.png,0
eval_00889.png,0
eval_00890.png,0
eval_00891.png,1
eval_00892.png,0
eval_00893.png,0
eval_00894.png,0
eval_00895.png,1
eval_00896.png,1
eval_00897.png,0
eval_00898.png,0
eval_00899.png,1
eval_00900.png,1
eval_00901.png,1
eval_00902.png,0
eval_00903.png,0
eval_00904.png,1
eval_00905.png,0
eval_00906.png,1
eval_00907.png,0
eval_00908.png,0
eval_00909.png,1
eval_00910.png,1
eval_00911.png,1
eval_00912.png,1
eval_00913.png,0
eval_00914.png,0
eval_00915.png,1
eval_00916.png,0
eval_00917.png,0
eval_00918.png,0
eval_00919.png,1
eval_00920.png,0
eval_00921.png,1
eval_00922.png,1
eval_00923.png,1
eval_00924.png,1
eval_00925.png,0
eval_00926.png,1
eval_00927.png,0
eval_00928.png,0
eval_00929.png,1
eval_00930.png,1
eval_00931.png,0
eval_00932.png,1
eval_00933.png,0
eval_00934.png,1
eval_00935.png,1
eval_00936.png,0
eval_00937.png,1
eval_00938.png,0
eval_00939.png,1
eval_00940.png,1
eval_00941.png,0
eval_00942.png,0
eval_00943.png,1
eval_00944.png,0
eval_00945.png,1
eval_00946.png,0
eval_00947.png,1
eval_00948.png,1
eval_00949.png,1
eval_00950.png,0
eval_00951.png,1
eval_00952.png,1
eval_00953.png,0
eval_00954.png,0
eval_00955.png,0
eval_00956.png,1
eval_00957.png,0
eval_00958.png,0
eval_00959.png,1
eval_00960.png,0
eval_00961.png,0
eval_00962.png,1
eval_00963.png,0
eval_00964.png,1
eval_00965.png,0
eval_00966.png,1
eval_00967.png,1
eval_00968.png,0
eval_00969.png,1
eval_00970.png,1
eval_00971.png,1
eval_00972.png,1
eval_00973.png,0
eval_00974.png,1
eval_00975.png,1
eval_00976.png,1
eval_00977.png,1
eval_00978.png,0
eval_00979.png,0
eval_00980.png,1
eval_00981.png,1
eval_00982.png,0
eval_00983.png,0
eval_00984.png,1
eval_00985.png,0
eval_00986.png,1
eval_00987.png,1
eval_00988.png,0
eval_00989.png,0
eval_00990.png,0
eval_00991.png,1
eval_00992.png,1
eval_00993.png,1
eval_00994.png,1
eval_00995.png,1
eval_00996.png,0
eval_00997.png,1
eval_00998.png,1
eval_00999.png,0
eval_01000.png,1
eval_01001.png,1
eval_01002.png,1
eval_01003.png,1
eval_01004.png,0
eval_01005.png,1
eval_01006.png,0
eval_01007.png,0
eval_01008.png,0
eval_01009.png,1
eval_01010.png,0
eval_01011.png,1
eval_01012.png,0
eval_01013.png,0
eval_01014.png,1
eval_01015.png,1
eval_01016.png,1
eval_01017.png,1
eval_01018.png,0
eval_01019.png,1
eval_01020.png,1
eval_01021.png,0
eval_01022.png,1
eval_01023.png,0
eval_01024.png,1
eval_01025.png,0
eval_01026.png,0
eval_01027.png,0
eval_01028.png,0
eval_01029.png,0
eval_01030.png,0
eval_01031.png,1
eval_01032.png,1
eval_01033.png,0
eval_01034.png,1
eval_01035.png,1
eval_01036.png,0
eval_01037.png,1
eval_01038.png,1
eval_01039.png,0
eval_01040.png,1
eval_01041.png,0
eval_01042.png,1
eval_01043.png,0
eval_01044.png,0
eval_01045.png,1
eval_01046.png,0
eval_01047.png,1
eval_01048.png,0
eval_01049.png,1
eval_01050.png,1
eval_01051.png,1
eval_01052.png,0
eval_01053.png,1
eval_01054.png,0
eval_01055.png,0
eval_01056.png,0
eval_01057.png,0
eval_01058.png,0
eval_01059.png,0
eval_01060.png,0
eval_01061.png,1
eval_01062.png,0
eval_01063.png,0
eval_01064.png,1
eval_01065.png,1
eval_01066.png,0
eval_01067.png,1
eval_01068.png,1
eval_01069.png,0
eval_01070.png,1
eval_01071.png,1
eval_01072.png,1
eval_01073.png,0
eval_01074.png,1
eval_01075.png,1
eval_01076.png,1
eval_01077.png,1
eval_01078.png,1
eval_01079.png,1
eval_01080.png,1
eval_01081.png,1
eval_01082.png,0
eval_01083.png,0
eval_01084.png,1
eval_01085.png,1
eval_01086.png,1
eval_01087.png,0
eval_01088.png,0
eval_01089.png,1
eval_01090.png,0
eval_01091.png,1
eval_01092.png,0
eval_01093.png,1
eval_01094.png,0
eval_01095.png,0
eval_01096.png,0
eval_01097.png,1
eval_01098.png,1
eval_01099.png,1
eval_01100.png,1
eval_01101.png,1
eval_01102.png,0
eval_01103.png,1
eval_01104.png,0
eval_01105.png,1
eval_01106.png,0
eval_01107.png,1
eval_01108.png,0
eval_01109.png,1
eval_01110.png,0
eval_01111.png,1
eval_01112.png,1
eval_01113.png,1
eval_01114.png,1
eval_01115.png,0
eval_01116.png,1
eval_01117.png,1
eval_01118.png,1
eval_01119.png,0
eval_01120.png,1
eval_01121.png,1
eval_01122.png,1
eval_01123.png,1
eval_01124.png,1
eval_01125.png,1
eval_01126.png,0
eval_01127.png,1
eval_01128.png,0
eval_01129.png,1
eval_01130.png,1
eval_01131.png,1
eval_01132.png,1
eval_01133.png,1
eval_01134.png,1
eval_01135.png,1
eval_01136.png,0
eval_01137.png,1
eval_01138.png,0
eval_01139.png,1
eval_01140.png,1
eval_01141.png,1
eval_01142.png,1
eval_01143.png,1
eval_01144.png,1
eval_01145.png,0
eval_01146.png,1
eval_01147.png,0
eval_01148.png,1
eval_01149.png,1
eval_01150.png,1
eval_01151.png,0
eval_01152.png,1
eval_01153.png,1
eval_01154.png,0
eval_01155.png,1
eval_01156.png,0
eval_01157.png,1
eval_01158.png,0
eval_01159.png,1
eval_01160.png,1
eval_01161.png,0
eval_01162.png,1
eval_01163.png,0
eval_01164.png,1
eval_01165.png,0
eval_01166.png,1
eval_01167.png,1
eval_01168.png,1
eval_01169.png,1
eval_01170.png,0
eval_01171.png,1
eval_01172.png,1
eval_01173.png,1
eval_01174.png,1
eval_01175.png,1
eval_01176.png,1
eval_01177.png,1
eval_01178.png,0
eval_01179.png,0
eval_01180.png,1
eval_01181.png,0
eval_01182.png,0
eval_01183.png,1
eval_01184.png,1
eval_01185.png,1
eval_01186.png,0
eval_01187.png,1
eval_01188.png,1
eval_01189.png,0
eval_01190.png,0
eval_01191.png,0
eval_01192.png,0
eval_01193.png,1
eval_01194.png,1
eval_01195.png,1
eval_01196.png,1
eval_01197.png,1
eval_01198.png,1
eval_01199.png,0
eval_01200.png,0
eval_01201.png,1
eval_01202.png,1
eval_01203.png,0
eval_01204.png,1
eval_01205.png,1
eval_01206.png,0
eval_01207.png,0
eval_01208.png,0
eval_01209.png,0
eval_01210.png,0
eval_01211.png,0
eval_01212.png,0
eval_01213.png,1
eval_01214.png,1
eval_01215.png,1
eval_01216.png,1
eval_01217.png,1
eval_01218.png,1
eval_01219.png,1
eval_01220.png,0
eval_01221.png,0
eval_01222.png,0
eval_01223.png,0
eval_01224.png,1
eval_01225.png,1
eval_01226.png,0
eval_01227.png,0
eval_01228.png,1
eval_01229.png,1
eval_01230.png,1
eval_01231.png,1
eval_01232.png,1
eval_01233.png,1
eval_01234.png,1
eval_01235.png,1
eval_01236.png,1
eval_01237.png,1
eval_01238.png,1
eval_01239.png,0
eval_01240.png,1
eval_01241.png,1
eval_01242.png,1
eval_01243.png,1
eval_01244.png,1
eval_01245.png,1
eval_01246.png,1
eval_01247.png,1
eval_01248.png,1
eval_01249.png,0
eval_01250.png,1
eval_01251.png,1
eval_01252.png,1
eval_01253.png,1
eval_01254.png,0
eval_01255.png,1
eval_01256.png,0
eval_01257.png,1
eval_01258.png,0
eval_01259.png,1
eval_01260.png,1
eval_01261.png,1
eval_01262.png,0
eval_01263.png,0
eval_01264.png,0
eval_01265.png,1
eval_01266.png,1
eval_01267.png,1
eval_01268.png,0
eval_01269.png,1
eval_01270.png,1
eval_01271.png,1
eval_01272.png,1
eval_01273.png,1
eval_01274.png,1
eval_01275.png,1
eval_01276.png,0
eval_01277.png,1
eval_01278.png,1
eval_01279.png,1
eval_01280.png,1
eval_01281.png,1
eval_01282.png,1
eval_01283.png,1
eval_01284.png,1
eval_01285.png,1
eval_01286.png,1
eval_01287.png,1
eval_01288.png,1
eval_01289.png,1
eval_01290.png,1
eval_01291.png,1
eval_01292.png,1
eval_01293.png,0
eval_01294.png,0
eval_01295.png,0
eval_01296.png,0
eval_01297.png,1
eval_01298.png,1
eval_01299.png,1
eval_01300.png,1
eval_01301.png,1
eval_01302.png,0
eval_01303.png,1
eval_01304.png,0
eval_01305.png,0
eval_01306.png,0
eval_01307.png,1
eval_01308.png,1
eval_01309.png,0
eval_01310.png,0
eval_01311.png,0
eval_01312.png,1
eval_01313.png,1
eval_01314.png,1
eval_01315.png,0
eval_01316.png,0
eval_01317.png,1
eval_01318.png,1
eval_01319.png,1
eval_01320.png,1
eval_01321.png,1
eval_01322.png,1
eval_01323.png,1
eval_01324.png,0
eval_01325.png,0
eval_01326.png,1
eval_01327.png,0
eval_01328.png,1
eval_01329.png,0
eval_01330.png,1
eval_01331.png,0
eval_01332.png,1
eval_01333.png,0
eval_01334.png,1
eval_01335.png,0
eval_01336.png,0
eval_01337.png,1
eval_01338.png,1
eval_01339.png,1
eval_01340.png,0
eval_01341.png,1
eval_01342.png,1
eval_01343.png,1
eval_01344.png,1
eval_01345.png,1
eval_01346.png,1
eval_01347.png,1
eval_01348.png,1
eval_01349.png,1
eval_01350.png,1
eval_01351.png,1
eval_01352.png,0
eval_01353.png,1
eval_01354.png,0
eval_01355.png,1
eval_01356.png,1
eval_01357.png,0
eval_01358.png,1
eval_01359.png,1
eval_01360.png,1
eval_01361.png,1
eval_01362.png,1
eval_01363.png,1
eval_01364.png,1
eval_01365.png,1
eval_01366.png,0
eval_01367.png,1
eval_01368.png,1
eval_01369.png,0
eval_01370.png,1
eval_01371.png,1
eval_01372.png,1
eval_01373.png,0
eval_01374.png,1
eval_01375.png,1
eval_01376.png,1
eval_01377.png,0
eval_01378.png,1
eval_01379.png,0
eval_01380.png,1
eval_01381.png,1
eval_01382.png,0
eval_01383.png,1
eval_01384.png,1
eval_01385.png,0
eval_01386.png,0
eval_01387.png,1
eval_01388.png,1
eval_01389.png,1
eval_01390.png,1
eval_01391.png,1
eval_01392.png,0
eval_01393.png,1
eval_01394.png,1
eval_01395.png,0
eval_01396.png,1
eval_01397.png,1
eval_01398.png,1
eval_01399.png,0
eval_01400.png,0
eval_01401.png,1
eval_01402.png,1
eval_01403.png,1
eval_01404.png,1
eval_01405.png,1
eval_01406.png,0
eval_01407.png,1
eval_01408.png,1
eval_01409.png,1
eval_01410.png,1
eval_01411.png,1
eval_01412.png,1
eval_01413.png,1
eval_01414.png,0
eval_01415.png,1
eval_01416.png,1
eval_01417.png,0
eval_01418.png,0
eval_01419.png,0
eval_01420.png,1
eval_01421.png,0
eval_01422.png,1
eval_01423.png,1
eval_01424.png,0
eval_01425.png,0
eval_01426.png,0
eval_01427.png,0
eval_01428.png,1
eval_01429.png,1
eval_01430.png,1
eval_01431.png,0
eval_01432.png,1
eval_01433.png,0
eval_01434.png,1
eval_01435.png,1
eval_01436.png,1
eval_01437.png,1
eval_01438.png,0
eval_01439.png,1
eval_01440.png,0
eval_01441.png,0
eval_01442.png,1
eval_01443.png,0
eval_01444.png,0
eval_01445.png,0
eval_01446.png,0
eval_01447.png,0
eval_01448.png,1
eval_01449.png,0
eval_01450.png,0
eval_01451.png,1
eval_01452.png,1
eval_01453.png,1
eval_01454.png,1
eval_01455.png,1
eval_01456.png,1
eval_01457.png,1
eval_01458.png,1
eval_01459.png,1
eval_01460.png,1
eval_01461.png,1
eval_01462.png,1
eval_01463.png,1
eval_01464.png,1
eval_01465.png,1
eval_01466.png,1
eval_01467.png,0
eval_01468.png,1
eval_01469.png,0
eval_01470.png,1
eval_01471.png,1
eval_01472.png,1
eval_01473.png,0
eval_01474.png,1
eval_01475.png,0
eval_01476.png,1
eval_01477.png,1
eval_01478.png,1
eval_01479.png,0
eval_01480.png,1
eval_01481.png,1
eval_01482.png,1
eval_01483.png,0
eval_01484.png,0
eval_01485.png,1
eval_01486.png,1
eval_01487.png,1
eval_01488.png,0
eval_01489.png,0
eval_01490.png,1
eval_01491.png,1
eval_01492.png,1
eval_01493.png,0
eval_01494.png,0
eval_01495.png,1
eval_01496.png,1
eval_01497.png,0
eval_01498.png,0
eval_01499.png,1
eval_01500.png,0
eval_01501.png,0
eval_01502.png,1
eval_01503.png,0
eval_01504.png,1
eval_01505.png,1
eval_01506.png,1
eval_01507.png,0
eval_01508.png,0
eval_01509.png,0
eval_01510.png,1
eval_01511.png,0
eval_01512.png,0
eval_01513.png,1
eval_01514.png,1
eval_01515.png,0
eval_01516.png,1
eval_01517.png,0
eval_01518.png,1
eval_01519.png,1
eval_01520.png,0
eval_01521.png,0
eval_01522.png,0
eval_01523.png,1
eval_01524.png,0
eval_01525.png,1
eval_01526.png,1
eval_01527.png,1
eval_01528.png,1
eval_01529.png,1
eval_01530.png,1
eval_01531.png,1
eval_01532.png,0
eval_01533.png,1
eval_01534.png,1
eval_01535.png,1
eval_01536.png,1
eval_01537.png,0
eval_01538.png,0
eval_01539.png,1
eval_01540.png,1
eval_01541.png,0
eval_01542.png,1
eval_01543.png,0
eval_01544.png,0
eval_01545.png,1
eval_01546.png,1
eval_01547.png,0
eval_01548.png,1
eval_01549.png,1
eval_01550.png,1
eval_01551.png,1
eval_01552.png,1
eval_01553.png,0
eval_01554.png,0
eval_01555.png,1
eval_01556.png,1
eval_01557.png,0
eval_01558.png,1
eval_01559.png,1
eval_01560.png,1
eval_01561.png,1
eval_01562.png,0
eval_01563.png,0
eval_01564.png,0
eval_01565.png,0
eval_01566.png,1
eval_01567.png,1
eval_01568.png,0
eval_01569.png,0
eval_01570.png,1
eval_01571.png,1
eval_01572.png,1
eval_01573.png,1
eval_01574.png,1
eval_01575.png,1
eval_01576.png,0
eval_01577.png,0
eval_01578.png,0
eval_01579.png,0
eval_01580.png,0
eval_01581.png,1
eval_01582.png,1
eval_01583.png,0
eval_01584.png,1
eval_01585.png,1
eval_01586.png,1
eval_01587.png,0
eval_01588.png,1
eval_01589.png,1
eval_01590.png,0
eval_01591.png,1
eval_01592.png,1
eval_01593.png,1
eval_01594.png,1
eval_01595.png,1
eval_01596.png,1
eval_01597.png,1
eval_01598.png,0
eval_01599.png,1
eval_01600.png,0
eval_01601.png,1
eval_01602.png,1
eval_01603.png,0
eval_01604.png,0
eval_01605.png,1
eval_01606.png,1
eval_01607.png,1
eval_01608.png,0
eval_01609.png,1
eval_01610.png,1
eval_01611.png,1
eval_01612.png,1
eval_01613.png,0
eval_01614.png,1
eval_01615.png,0
eval_01616.png,0
eval_01617.png,0
eval_01618.png,1
eval_01619.png,1
eval_01620.png,1
eval_01621.png,0
eval_01622.png,1
eval_01623.png,0
eval_01624.png,1
eval_01625.png,0
eval_01626.png,0
eval_01627.png,1
eval_01628.png,1
eval_01629.png,1
eval_01630.png,1
eval_01631.png,1
eval_01632.png,1
eval_01633.png,1
eval_01634.png,1
eval_01635.png,0
eval_01636.png,0
eval_01637.png,1
eval_01638.png,1
eval_01639.png,0
eval_01640.png,1
eval_01641.png,0
eval_01642.png,0
eval_01643.png,0
eval_01644.png,0
eval_01645.png,1
eval_01646.png,1
eval_01647.png,0
eval_01648.png,1
eval_01649.png,1
eval_01650.png,1
eval_01651.png,1
eval_01652.png,1
eval_01653.png,0
eval_01654.png,1
eval_01655.png,1
eval_01656.png,1
eval_01657.png,0
eval_01658.png,1
eval_01659.png,1
eval_01660.png,0
eval_01661.png,1
eval_01662.png,1
eval_01663.png,1
eval_01664.png,0
eval_01665.png,1
eval_01666.png,1
eval_01667.png,1
eval_01668.png,1
eval_01669.png,0
eval_01670.png,0
eval_01671.png,1
eval_01672.png,1
eval_01673.png,1
eval_01674.png,1
eval_01675.png,0
eval_01676.png,1
eval_01677.png,1
eval_01678.png,1
eval_01679.png,0
eval_01680.png,1
eval_01681.png,1
eval_01682.png,1
eval_01683.png,1
eval_01684.png,0
eval_01685.png,0
eval_01686.png,1
eval_01687.png,1
eval_01688.png,0
eval_01689.png,1
eval_01690.png,1
eval_01691.png,0
eval_01692.png,1
eval_01693.png,1
eval_01694.png,0
eval_01695.png,1
eval_01696.png,0
eval_01697.png,1
eval_01698.png,0
eval_01699.png,0
eval_01700.png,0
eval_01701.png,1
eval_01702.png,0
eval_01703.png,1
eval_01704.png,1
eval_01705.png,1
eval_01706.png,1
eval_01707.png,1
eval_01708.png,1
eval_01709.png,1
eval_01710.png,1
eval_01711.png,1
eval_01712.png,1
eval_01713.png,1
eval_01714.png,1
eval_01715.png,0
eval_01716.png,0
eval_01717.png,0
eval_01718.png,0
eval_01719.png,0
eval_01720.png,0
eval_01721.png,0
eval_01722.png,0
eval_01723.png,1
eval_01724.png,0
eval_01725.png,0
eval_01726.png,1
eval_01727.png,1
eval_01728.png,1
eval_01729.png,0
eval_01730.png,1
eval_01731.png,1
eval_01732.png,1
eval_01733.png,1
eval_01734.png,1
eval_01735.png,1
eval_01736.png,1
eval_01737.png,0
eval_01738.png,1
eval_01739.png,0
eval_01740.png,1
eval_01741.png,0
eval_01742.png,0
eval_01743.png,0
eval_01744.png,0
eval_01745.png,0
eval_01746.png,0
eval_01747.png,0
eval_01748.png,1
eval_01749.png,0
eval_01750.png,0
eval_01751.png,1
eval_01752.png,0
eval_01753.png,0
eval_01754.png,1
eval_01755.png,1
eval_01756.png,1
eval_01757.png,1
eval_01758.png,1
eval_01759.png,0
eval_01760.png,0
eval_01761.png,1
eval_01762.png,1
eval_01763.png,0
eval_01764.png,1
eval_01765.png,1
eval_01766.png,1
eval_01767.png,0
eval_01768.png,1
eval_01769.png,1
eval_01770.png,1
eval_01771.png,1
eval_01772.png,0
eval_01773.png,0
eval_01774.png,0
eval_01775.png,1
eval_01776.png,1
eval_01777.png,0
eval_01778.png,1
eval_01779.png,0
eval_01780.png,0
eval_01781.png,0
eval_01782.png,0
eval_01783.png,1
eval_01784.png,1
eval_01785.png,1
eval_01786.png,0
eval_01787.png,1
eval_01788.png,0
eval_01789.png,1
eval_01790.png,0
eval_01791.png,1
eval_01792.png,0
eval_01793.png,1
eval_01794.png,0
eval_01795.png,1
eval_01796.png,1
eval_01797.png,1
eval_01798.png,1
eval_01799.png,1
eval_01800.png,1
eval_01801.png,0
eval_01802.png,1
eval_01803.png,1
eval_01804.png,0
eval_01805.png,1
eval_01806.png,1
eval_01807.png,1
eval_01808.png,0
eval_01809.png,1
eval_01810.png,1
eval_01811.png,0
eval_01812.png,0
eval_01813.png,1
eval_01814.png,0
eval_01815.png,0
eval_01816.png,1
eval_01817.png,1
eval_01818.png,0
eval_01819.png,1
eval_01820.png,1
eval_01821.png,1
eval_01822.png,1
eval_01823.png,1
eval_01824.png,0
eval_01825.png,0
eval_01826.png,0
eval_01827.png,0
eval_01828.png,0
eval_01829.png,1
eval_01830.png,1
eval_01831.png,1
eval_01832.png,1
eval_01833.png,1
eval_01834.png,0
eval_01835.png,0
eval_01836.png,1
eval_01837.png,1
eval_01838.png,1
eval_01839.png,0
eval_01840.png,0
eval_01841.png,0
eval_01842.png,1
eval_01843.png,1
eval_01844.png,1
eval_01845.png,1
eval_01846.png,1
eval_01847.png,1
eval_01848.png,1
eval_01849.png,0
eval_01850.png,1
eval_01851.png,0
eval_01852.png,0
eval_01853.png,1
eval_01854.png,0
eval_01855.png,1
eval_01856.png,0
eval_01857.png,1
eval_01858.png,1
eval_01859.png,1
eval_01860.png,1
eval_01861.png,1
eval_01862.png,0
eval_01863.png,1
eval_01864.png,0
eval_01865.png,1
eval_01866.png,1
eval_01867.png,0
eval_01868.png,1
eval_01869.png,0
eval_01870.png,1
eval_01871.png,0
eval_01872.png,1
eval_01873.png,0
eval_01874.png,1
eval_01875.png,1
eval_01876.png,0
eval_01877.png,1
eval_01878.png,1
eval_01879.png,1
eval_01880.png,1
eval_01881.png,1
eval_01882.png,1
eval_01883.png,1
eval_01884.png,1
eval_01885.png,1
eval_01886.png,1
eval_01887.png,1
eval_01888.png,0
eval_01889.png,1
eval_01890.png,1
eval_01891.png,0
eval_01892.png,1
eval_01893.png,0
eval_01894.png,1
eval_01895.png,1
eval_01896.png,0
eval_01897.png,1
eval_01898.png,1
eval_01899.png,0
eval_01900.png,1
eval_01901.png,1
eval_01902.png,1
eval_01903.png,1
eval_01904.png,1
eval_01905.png,0
eval_01906.png,1
eval_01907.png,1
eval_01908.png,1
eval_01909.png,0
eval_01910.png,1
eval_01911.png,0
eval_01912.png,0
eval_01913.png,1
eval_01914.png,1
eval_01915.png,0
eval_01916.png,1
eval_01917.png,1
eval_01918.png,1
eval_01919.png,1
eval_01920.png,0
eval_01921.png,1
eval_01922.png,0
eval_01923.png,0
eval_01924.png,1
eval_01925.png,0
eval_01926.png,0
eval_01927.png,1
eval_01928.png,1
eval_01929.png,1
eval_01930.png,1
eval_01931.png,1
eval_01932.png,1
eval_01933.png,1
eval_01934.png,1
eval_01935.png,0
eval_01936.png,0
eval_01937.png,0
eval_01938.png,1
eval_01939.png,0
eval_01940.png,0
eval_01941.png,1
eval_01942.png,1
eval_01943.png,0
eval_01944.png,1
eval_01945.png,1
eval_01946.png,0
eval_01947.png,0
eval_01948.png,0
eval_01949.png,1
eval_01950.png,0
eval_01951.png,1
eval_01952.png,1
eval_01953.png,1
eval_01954.png,1
eval_01955.png,1
eval_01956.png,1
eval_01957.png,1
eval_01958.png,0
eval_01959.png,0
eval_01960.png,0
eval_01961.png,1
eval_01962.png,0
eval_01963.png,1
eval_01964.png,1
eval_01965.png,1
eval_01966.png,1
eval_01967.png,1
eval_01968.png,1
eval_01969.png,0
eval_01970.png,1
eval_01971.png,1
eval_01972.png,1
eval_01973.png,1
eval_01974.png,1
eval_01975.png,0
eval_01976.png,0
eval_01977.png,1
eval_01978.png,0
eval_01979.png,0
eval_01980.png,1
eval_01981.png,1
eval_01982.png,1
eval_01983.png,1
eval_01984.png,0
eval_01985.png,0
eval_01986.png,1
eval_01987.png,1
eval_01988.png,1
eval_01989.png,0
eval_01990.png,0
eval_01991.png,0
eval_01992.png,0
eval_01993.png,1
eval_01994.png,0
eval_01995.png,0
eval_01996.png,1
eval_01997.png,0
eval_01998.png,1
eval_01999.png,0
eval_02000.png,1
